Title,Price,Rating,RatingNum
Jabra Speak 710 Portable Speaker for Music and Calls,229.0,5,2
Bose 783342-0100 Soundlink Micro Bluetooth Speaker,99.0,,
Jensen SMPS-626 Waterproof Bluetooth Shower Speaker,33.83,,
JBL JBLLINKMUSICBLKAM Link Music Wi-Fi Speaker- Black,89.95,,
VisionTek BTi65 900892 Bluetooth Waterproof Speaker,29.0,5,25
"Denon DSB150BTBG Envaya Portable Bluetooth 7.4"" Speaker (Gray)",149.0,,
"Denon DSB-50BT Envaya Bluetooth 6.4"" Pocket Speaker (Black)",99.0,4,3
"RF Ideas KT-ANGLE Black Angle Mounting Bracket For A Pcprox Reader To Be Mounted Vertical Or Side Position, Includes Angle Bracket, (2) #4 Screws, (2) Foam Tape Squares, Instructions",9.99,,
JBL Link Portable JBLLINKPORGRYAM - Gray,129.95,4,1
Bose SoundLink Revolve 739523-1110 Black Bluetooth Speaker,199.0,3,2
"Anker Soundcore Bluetooth Speaker with 24-Hour Playtime, 66-Feet Bluetooth Range & Built-in Mic, Dual-Driver Portable Wireless Speaker with Low Harmonic Distortion and Superior Sound",33.99,,
Ultimate Ears Megaboom 3 Portable Waterproof Bluetooth Speaker,99.99,,
"[Upgraded] Anker Soundcore 2 Portable Bluetooth Speaker with 12W Stereo Sound, Bluetooth 5, Bassup, IPX7 Waterproof, 24-Hour Playtime, Wireless Stereo Pairing, Speaker for Home, Outdoors, Travel",43.99,5,2
JBL Pulse 3 Portable Bluetooth Speaker JBLPULSE3WHTAM (White),139.99,1,1
"Anker Soundcore Motion+ Bluetooth Speaker with Hi-Res 30W Audio, Extended Bass and Treble, Wireless HiFi Portable Speaker with App, Customizable EQ, 12-Hour Playtime, IPX7 Waterproof, and USB-C",99.99,1,1
"AOMAIS GO Bluetooth Speakers,Waterproof Portable Indoor/Outdoor 30W Wireless Stereo Pairing Booming Bass Speaker,30-Hour Playtime with 8800mAh Power Bank,Durable for Home Party,Camping(Red)",69.99,,
JBL Flip 4 Portable Waterproof Bluetooth Speaker (Red),78.99,5,5
"MANCASSY N7 Wireless Bluetooth Speaker, Outdoor Portable Stereo Speaker with HD Audio and Enhanced Bass, Built-In Dual Driver Speakerphone, FM Radio and TF Card Slot (Blue)",24.99,5,1
JBL Flip 4 Ocean Blue Bluetooth Speaker w/Hardshell Case,89.95,5,1
"Soundcore Wakey Bluetooth Speaker Powered by Anker, Alarm Clock, Stereo Sound, FM Radio, White Noise, Qi Wireless Charger with 7.5W Charging for iPhone and 10W for Samsung",89.99,,
JBL LINK 10 Voice-activated Portable Speaker (White),84.97,3,2
"AOMAIS Sport II Portable Wireless Bluetooth Speakers 4.0 Waterproof IPX7, 20W Bass Sound, Stereo Pairing, Durable Design Backyard, Outdoors, Travel, Pool, Home Party (Orange)",24.99,,
"Portable Bluetooth Speaker, ZeroLemon AmazingSound Waterproof Wireless Portable Bluetooth Speaker for Sports Pool Beach Hiking Camping (Black)",19.99,,
F06085 Mini 3.5mm Pillow Speaker for MP3 / MP4 Music Player Color White,4.26,,
JBL Charge 3 Waterproof Portable Bluetooth Speaker (Black),109.95,4,2
TCYYS-HIGH-END WIRELESS SPEAKER - 108 DB,32.75,,
Ultimate Ears MEGABLAST Portable Wi-Fi/Bluetooth Speaker with Hands-Free Amazon Alexa Voice Control (Waterproof) - Graphite Black + Charging Dock,189.95,,
LG PK5 Portable Bluetooth Speaker with Meridian Technology,84.88,5,1
"Anker Soundcore Flare Mini Bluetooth Speaker, Outdoor Bluetooth Speaker, IPX7 Waterproof for Outdoor Parties, LED Show with 360° Sound and BassUp technology",42.99,,
"DOSS Wireless Portable Bluetooth Speakers with Waterproof IPX6, 20W Stereo Sound and Bold Bass, 12H Playtime, Durable for iPhone, Samsung, Tablet, Echo dot, Gift ideas - Green",29.99,4,6
COWIN Swimmer IPX7 Floating Waterproof Bluetooth Speakers Portable Wireless Shower Speaker with 10W Deep Bass and Colorful LED Light for Swimming Pool Party Travel Home,39.99,5,2
JBL Charge 3 Waterproof Portable Bluetooth Speaker (Red),197.99,4,2
"Soundcore Flare S+ Alexa-Enabled Portable Bluetooth Speaker by Anker, Huge 360° Sound, Big Bass, LED Lights, 16-Hour Playtime, IPX7 Waterproof, with Alexa App for Hands-Free Voice Services On The Go",129.99,,
JBL Charge 3 Waterproof Portable Bluetooth Speaker (Blue),109.95,4,2
JBL Charge 3 Waterproof Portable Bluetooth Speaker (Teal),109.95,4,2
JBL Charge 3 Waterproof Portable Bluetooth Speaker (Grey),109.95,4,2
"Anker Soundcore Motion B, Portable Bluetooth Speaker, with 12W Louder Stereo Sound, IPX7 Waterproof, and 12+ Hr Longer-Lasting Playtime, Soundcore Speaker Upgraded Edition for Home and Outdoors",32.99,,
"Wireless Bluetooth Speaker, Waterproof Speaker with 8W Louder HD Sound, 10H Playtime Portable Bluetooth Speaker with Suction Cup, Built in Mic, Support SD Card, for Shower, Pool, Beach, Outdoor",29.99,5,1
JBL Charge 3 Waterproof Portable Bluetooth Speaker (Camouflage),109.95,4,2
"Bluetooth Stereo Speakers Portable With 5000mAh Power Bank Function, Wireless Hands Free Support AUX In TF Card 24hours Playing Time",12.59,4,5
JBL CHARGE 3 Bluetooth Wireless Portable IPX7 Waterproof Speaker - GRAY,109.95,4,2
JBL Charge 4 Portable Bluetooth Speaker (Yellow),129.95,5,2
"Denon DSB-250BT Envaya Portable Bluetooth 8.25"" Speaker (Black)",199.0,,
"Boytone BT-32D Portable Bluetooth FM Radio Stereo speaker System, USB Port | SD card Slot | MP3| AUX ports, built in rechargeable Battery | Flashing DJ Lights | Remote control",28.0,5,1
JBL Xtreme Portable Wireless Bluetooth Speaker (Red),169.99,4,5
Monster Drift Waterproof Bluetooth Speaker,51.99,,
"Axess SPBT1031-RD Portable Bluetooth Hi-Fi Cylinder Loud Speaker with SD Card, USB, AUX And FM Inputs, 3"" Sub",28.99,5,3
"3400mAh High Capacity LI11B001F Battery Replacement Compatible with Harman Kardon Onyx Studio 1, Onyx Studio 2 Wireless Bluetooth Speaker",15.95,,
Jabra Speak 710 MS Portable Speaker for Music and Calls,230.18,,
"Bluetooth Speakers, Soundcore Bluetooth Speaker with Loud Stereo Sound, 24-Hour Playtime, 66 ft Bluetooth Range, Built-in Mic. Perfect Portable Wireless Speaker for iPhone, Samsung and More",45.99,,
Outdoor Bluetooth Speaker Portable Wireless Mini BT Speakers Stereo Bass Soundbox Support TF Card And USB Disk Loudspeaker (Color: Black),15.99,,
"Anker Soundcore Boost 20W Bluetooth Speaker with BassUp Technology, 12H Playtime, IPX5 Water-Resistant, Portable Speaker with Superior Sound & Bass for iPhone, Samsung and More",59.99,,
"OontZ Angle 3 Coca-Cola Edition - Enhanced Stereo IPX5 Splashproof Bluetooth Speaker with AMP 10 Watts Power, Bass Radiator, 100' Wireless Range Bluetooth 4.2",73.98,4,3
"ION Pathfinder Charger, Bluetooth Portable Speaker with Wireless Qi Charging",190.0,,
Portable 3.5mm Mini Stereo Speaker Amplifier For MP3/MP4/Mobile phone/Tablet,8.87,,
3400mAh Extended 533-000116 Battery Replacement for Logitech UE MegaBoom S-00147 Wireless Waterproof/Shockproof Bluetooth Speaker,24.95,,
Braven 440 Water Resistant Portable Wireless Bluetooth Speaker/PowerBank Charger (Purple),56.75,5,5
JBL Pulse 4 Black Bluetooth Speaker w/divvi! Hardshell Case,199.99,,
Lenovo 700 Ultraportable Bluetooth Speaker,99.99,,
"Classic Portable Wireless Bluetooth Mini Speaker, Powerful Sound with Enhanced Bass, Support TF Card Playing, Built-in Mic",11.59,,
Thermaltake AC-051-CO1OTN-C1 Pci-E Xpress 3.0 Extender 1000Mm Premium ,109.99,,
"Limitless Innovations 265489 Portable Speaker Pole & Ground Stake, Black",41.15,,
QFX BT-151 SOUND BURST Portable Bluetooth Speaker,25.99,,
"Apple HomePod Wireless Bluetooth, Six-Microphone Array Smart Speaker MQHV2LLA - Space Gray",285.0,,
Beats Pill 2.0-White,199.99,5,1
Pioneer Elite VA-FW40 Voice Controlled Built-In Wi-Fi Smart Speaker,48.99,5,2
JBL Charge 4 Black Bluetooth Speaker w/divvi! Hardshell Case,129.99,,
JBL GO 2 Portable Bluetooth Waterproof Speaker (Deep Sea Blue),39.95,5,1
"Blackweb Rugged Water-Resistant Portable Rechargeable Bluetooth Wireless Speaker System, Black",19.99,,
3000mAh GSP872693 Battery Replacement for JBL Flip 3 Splashproof Portable Bluetooth Speaker with Installation Tools,17.95,,
JBL Charge 4 Powerful 30W IPX7 Waterproof Portable Bluetooth Speaker with 20 Hours Playtime & Built-in 7500 mAh Powerbank - Black,134.95,,
MAGNAVOX MMA3652BL Portable Speaker with Bluetooth,15.43,,
"Anker Soundcore Mini, Super-Portable Bluetooth Speaker with 15-Hour Playtime, 66-Foot Bluetooth Range, Enhanced Bass, Noise-Cancelling Microphone - Black",23.99,,
Zealot S1 4000mAh Bluetooth Speaker Outdoor Bicycle Portable Subwoofer Bass Wireless Speakers Power Bank+LED light +Bike Mount - Black,49.99,,
JBL Xtreme 2 Portable Bluetooth Waterproof Speaker (Camouflage),249.95,,
"Ultimate Ears UE WONDERBOOM Waterproof Wireless Bluetooth Speaker, Subzero Blue, 984-000840",67.99,5,1
"Ultimate Ears UE WONDERBOOM Waterproof Wireless Bluetooth Speaker, Phantom Black, 984-000839",65.99,5,1
"VENSTAR S404 Portable Wireless Bluetooth Speaker for Cycling Sport HiFi Bass Subwoofer with FM Radio, Bicycle Mount, Remote Control",49.99,,
"Ultimate Ears UE WONDERBOOM Waterproof Wireless Bluetooth Speaker, Fireball Red, 984-000841",99.99,5,1
JBL Pulse 4 Portable Bluetooth Speaker (Black),199.95,,
"Monster Puck Portable Bluetooth Speaker, Sync up 2 EZ-Play Speakers, Up to 8 hours of Playtime, IPX5 Water resistant, Speakerphone, Bungee Strap",24.99,,
"Polaris V8 - 9W(4.5W X 2) Portable Bluetooth Speaker with FM-radio, Micro SD MP3 Player, NFC, LED Display and Removable 18650 Li-ion Battery",29.99,,
Philips BT3080B/37 Bluetooth Speaker - Black,34.99,4,15
6000mAh GSP1029102A Battery Replacement Compatible with JBL Charge 3 2016 Waterproof Bluetooth Speaker,16.95,1,1
Portable Mini Speaker  NiZHi TT028 MP3 Mini Digital Portable Music Player Micro SD USB FM Radio Blue,17.99,,
Jabra GSA7410-209 GSA Speaker 410 USB Speakerphone for PC TAA Compliant,125.0,,
High Quality 3Watts Cube Wireless Bluetooth Speaker with Bluetooth Receiver Adaptor Function,13.78,,
Zooka Wireless Speaker for iPad - Gray,12.95,,
TRAM 7754 Satellite Radio Trucker Mirror-Mount Antenna,69.59,,
"5.5"" 5.5 inch Speaker Foam Edge Surround Rings Replacement Parts for Speaker Repair or DIY",6.01,,
"2600mAh ST-01, ST-02 Battery Replacement Compatible with Sony SRS-XB2, SRS-X3 Wireless Portable Bluetooth Speaker with Installation Tool",13.95,,
AC Adapter Power Charger For JBL Xtreme Splashproof Wireless Bluetooth Speaker,16.48,,
MAGNAVOX MMA3623BL Magnavox Outdoor Waterproof Speaker with Bluetooth and Color Changing Lights,24.73,,
Morpheus 360 BT7750 Wireless Sound-Ring II Bluetooth Portable Speaker (Black),65.25,5,2
Ultimate Ears MEGABLAST Blue Steel Bluetooth Speaker with Alexa voice control,220.99,,
SUPERSONIC SC-1198BT Multi Function Bluetooth Speaker,36.44,,
JBL Flip 5 Portable Waterproof Bluetooth Speaker (Sand),99.95,4,2
Philips AE1500 Portable Pocket AM/FM Black Radio,15.78,5,2
"Ultimate Ears UE BOOM 2 Waterproof Wireless Bluetooth Speaker, Limited Edition Panther, 984-001219",149.76,5,1
"Ultimate Ears UE BOOM 2 Waterproof Wireless Bluetooth Speaker, Brainfreeze, 984-000552",153.12,5,1
"Anker Soundcore Mini 2 Pocket Bluetooth Speaker 2-Pack with 15-Hour Playtime, IPX7 Waterproof, Wireless Stereo Pairing, Outdoor Speaker with Ultra-Portable Design and Enhanced Bass [2-Pack]",54.99,,
"Ultimate Ears UE BOOM 2 Waterproof Wireless Bluetooth Speaker, Tropical, 984-000553",163.8,5,1
"Ultimate Ears UE BOOM 2 Waterproof Wireless Bluetooth Speaker, Yeti Edition, 984-000556",183.28,5,1
"eXuby Wireless Outdoor Bluetooth Speaker - Splashproof, Shockproof & Heat-Resistant - Rechargeable Battery for 8 Hours Play Time - Loud High Quality HD Sound - 2 Speakers, 2 Tweeters & 2 Bass Valves",69.99,,
Speaker Grill Cover 3 Inch 106.5mm Mesh Decorative Circle Subwoofer Guard Protector White 2pcs,11.87,,
Boytone BT-40BL Portable Bluetooth Indoor/Outdoor Speaker 2.1 Hi-Fi Cylinder FM Built in Rechargeable Battery,22.0,,
"Kunodi Portable Bluetooth Speaker V5.0,IPX7 Outdoor Waterproof Bluetooth Speaker with 20W HD Sound, Exceptional Bass + Mode,Built in Mic,20H Playtime Wireless Speaker for Pool,Beach,Party,BBQ",31.99,,
Fugoo FXLTFKS01 Tough XL- Ultimate Rugged Waterproof Wireless Bluetooth Speaker,199.99,,
JBL Xtreme 2 Blue BT Speaker w/AudioQuest Evergreen 1.5m 3.5mm Cable,249.99,,
6000mAh P5542100-P Battery Replacement Compatible with JBL Pulse 3 Waterproof Bluetooth Speaker,12.95,,
Mini LifeJacket Jolt IMW479L Portable Bluetooth Speaker - Torch Red,110.95,,
"Ultimate Ears BOOM 2 Waterproof Wireless Bluetooth Speaker, Cherrybomb, 984-000554",162.59,5,1
"Ultimate Ears UE BOOM 2 Waterproof Wireless Bluetooth Speaker, Phantom Edition, 984-000551",99.8,5,1
IDEA ELECTRONICS W204 IDEAPLAY IPX7 BT SPEAKER,54.99,,
"Divoom Timebox Smart Portable Bluetooth LED Speaker with APP-Controlled Pixel Art Animation, Notification and Build- In Clock/ Alarm - Black",49.99,5,1
"Ultimate Ears UE BOOM 2 Waterproof Wireless Bluetooth Speaker, Greenmachine, 984-000555",162.59,5,1
HP INC. - SB WORKSTATION OPTIONS 2FZ77AT SMART BUY Z640/Z840/Z8G4 RAIL,162.94,,
Vifa Reykjavik 87100 Compact Hifi Bluetooth Speaker - Sandstone Grey,199.0,,
Vifa Reykjavik 87102 Compact Hifi Bluetooth Speaker - Ice Cave Blue,199.0,,
"Pioneer VA-FW40 Elite F4 Smart Speaker (Black, 2-Pack)",82.99,,
Vifa Reykjavik 87101 Compact Hifi Bluetooth Speaker - Lava Black,199.0,,
Grandstream HT801 Analog Telephone Adapter Supports1 Fxs Port,38.43,5,1
Boytone BT-38BK Portable Bluetooth Indoor/Outdoor Speaker 2.1 Hi-Fi Cylinder FM Radio SD Card Rechargeable Battery USB Charger,19.99,,
5000mAh GSP0931134 Battery Replacement for JBL Xtreme Portable Wireless Bluetooth Speaker,23.95,,
"2BOOM Mini Bass King Wireless Bluetooth Portable Outdoor Speaker, Green",24.99,,
Boytone BT-3129F Bluetooth Speaker,39.99,,
Wiseways Kube Bluetooth Collegiate Speaker for University of Illinois Fighting Illini,10.0,,
POLY 86701-01 Calisto P620 M Wireless UC Spe,146.3,,
"Jabra Speak 510 Wireless Bluetooth Speaker for Softphone and Mobile Phone – Easy Setup, Portable Speaker for Holding Meetings Anywhere with Outstanding Sound Quality",378.99,,
Portable Mini Digital Display Screen Speaker USB Flash Drive Micro SDTF Card Music MP3 Player FM Radio Blue,16.79,,
Protable Wireless Bluetooth Speakers Outdoor Sports Waterproof Speaker Stereo Sound Loudspeaker With Carabiner,23.96,,
Bose SoundLink Revolve Charging Cradle,29.0,,
"Spracht WS-4014 Spracht Blunote2.0 Speaker System - 10 W RMS - Portable - Battery Rechargeable - Wireless Speaker(s) - Black - Bluetooth - USB - Wireless Audio Stream, Microphone, Passive Bass",34.99,4,2
Morpheus 360 BT5750 Wireless Sound-Ring Bluetooth Portable Speaker (Black),48.36,,
"Boytone BT-83CR Portable FM Radio Alarm Clock Wireless Bluetooth 4.1 Speaker, 3-Way Night Light Touch Lamp, Built–in 8 Hours Play Rechargeable Battery, LED, Mic, USB & Micro SD Slot, AUX, 110/220",,,
DOSS SoundBox Portable Wireless Bluetooth 4.0 Touch Speakers with 12W HD Sound and Bold Bass [Red],27.95,4,8
Harman Kardon Onyx Studio 4 Wireless Bluetooth Speaker White(New Model),362.99,,
Poweradd 40W Soundfly Bluetooth Speaker Loud Volume Rich Bass Portable Sensitive Touch Control Wireless Speaker with Digital Sound Field Processing(DSP) Surround Stereo Sound,19.99,,
JBL Clip 3 Portable Bluetooth Waterproof Speaker (Yellow),49.95,,
Panasonic LUMIX FZ80 18.1MP 4K 60x Long Zoom Digital Camera,297.99,5,1
"Ridgeway QS-3715BR Rechargeable Pro 15"" Party DJ Karaoke Portable PA Bluetooth Speaker LED Lights MIC Remote USB SD FM AUX",139.99,,
Ultimate Ears Megaboom Portable Bluetooth Speaker (Charcoal Black),93.97,,
JBL FLIP 5 Portable Speaker IPX7 Waterproof On-The-Go Bundle with gSport Deluxe Hardshell Case (Green Camo),119.99,,
Polaroid PBT530 Wireless Bluetooth Portable Retro Speaker- Blue,19.95,,
Harman Kardon Invoke Voice-Activated Speaker with Cortana (Graphite),69.99,,
JENSEN SMPS-628 Under-Cabinet Universal Bluetooth(R) Music System,43.99,,
Sonos Play 1 Compact Music Streaming Wireless HD HiFi Speaker System - Black,222.99,5,1
Sony SRS-XB41 Portable NFC Wireless Bluetooth Speaker - Black,,,
Ion Tiki Sounds Speaker,68.55,,
"Klipsch Groove Portable Bluetooth Speaker, Black",240.99,5,7
Vifa City Bluetooth Speaker 88004 - Ultramarine Coral,149.0,,
JBL Flip 5 Blue Portable Bluetooth Speaker w/Wall Charger,99.99,,
"Supersonic IQ Sound IQ-1478DJTWS 8"" Rechargeable PA Speaker +TWS+USB/SD/AUX/FM/LED and Microphone",44.99,,
"Monster Roam 2 Portable Waterproof Bluetooth Speaker, 30 Watts, Up to 20 hours of Playtime, IP67 Water Resistant, Black",109.99,,
"Ultimate Ears UE MEGABOOM  Waterproof Wireless Bluetooth Speaker, Electric Blue, 984-000478",190.85,,
"8"" 1000W Portable FM Bluetooth Speaker Subwoofer Heavy Bass Sound System Party",57.99,,
AXESS SPBT1056BK AXESS Portable Bluetooth Speaker Built-In Usb Support Fm Radio Line-In Function Rechargeable Battery,24.99,,
Bonks DX12  Mini and Portable USB Wired 3.5mm Audio Cable Speaker- Electroplating Black,35.99,,
Pioneer TS-WX130DA Compact 8 X 5.25 160-Watt Active Subwoofer With Built-In Amp,206.0,,
Morpheus 360 BT5750 Wireless Sound-Ring Bluetooth Portable Speaker (Red),48.36,,
UE MEGABOOM 3 Lagoon Blue Bluetooth Wireless Speaker,179.99,,
"DIKAOU Led flame table lamp, Torch atmosphere Bluetooth speakers&Outdoor Portable Stereo Speaker with HD Audio and Enhanced Bass,LED flickers warm yellow lights BT4.2 for iPhone/iPad /Android",90.0,,
Acoustic Research ARS3I Dock Station With 7 Inch Display And Front Speaker for iPhone and iPod,39.99,,
"Polaris V8 - 9W(4.5W X 2) Portable Bluetooth Speaker with FM-radio, Micro SD MP3 Player, NFC, LED Display and Removable 18650 Li-ion Battery",29.99,5,1
Portable Speaker Mountaineering Silicone Protect Case for JBL CLIP3 Gray,9.96,,
"Bluetooth Speaker, Soundcore Flare Portable Wireless Speaker by Anker, 360° Sound and LED Ambient Light, IPX7 Waterproof & Long Playtime for Parties, Limited Edition with Travel Case",64.99,,
Harman Kardon Esquire Mini 2 Ultra-Slim Portable Premium Bluetooth Speaker (Silver),79.95,,
Seiki ST2103M Portable Bluetooth Speaker,54.9,5,4
"Ultimate Ears UE MEGABOOM Waterproof Wireless Bluetooth Speaker, Plum, 984-000490",271.1,,
PURE ENERGY VIBE - VIBRATION SPEAKER STICKER WHITE,19.95,,
"Cipe Handbag-Style Bluetooth Wireless Speaker & Powerbank, Red",18.99,,
JBL Clip 3 Portable Bluetooth Waterproof Speaker (Gray),49.95,5,1
JBL Flip 5 Portable Waterproof Bluetooth Speaker (Green),99.95,,
PHILIPS SB365B/37 Bass-Reflex Bluetooth NFC Stereo Speaker,67.5,4,1
NGS 200W Premium 2.2 BT Portable Boombox Speaker System - StreetBreaker,116.01,4,1
Express Scribe Pro Transcription Software with USB Foot Pedal,150.16,,
JBL Horizon Portable Wireless Speaker with Alarm Clock and FM Radio (White),99.95,2,1
Original Battery for BOSE SOUNDTOUCH PARTABLE WI-FI MUSIC SYSTEM,34.79,,
Rolton K400 Portable Voice Amplifier Megaphone Booster with Wired Microphone Loudspeaker Speaker  MP3 Teacher Training,26.79,,
Naxa NAS-3084 BLUE BOOMER IMPULSE LED Bluetooth Boom Box (Blue),22.31,,
Frisby FS-P150B Portable Rechargeable Bluetooth Wireless Speaker 2.0 Bluetooth Aluminum Case Speaker w/ SD TF USB  for Iphone Ipad,14.95,1,1
65W AC Adapter Power Charger For Harman Kardon Onyx Studio 2 3 Bluetooth Speaker,19.99,,
"Ultimate Ears UE MEGABOOM Waterproof Wireless Bluetooth Speaker, Plum, 984-000490",271.1,,
JBL Charge 4 Portable Bluetooth Speaker (White),129.95,,
Beats Pill+ (Red) - Beats by Dre,179.95,,
"Ultimate Ears UE MEGABOOM  Waterproof Wireless Bluetooth Speaker, Electric Blue, 984-000478",190.85,,
"VisionTek SoundTube Pro V2 Portable Bluetooth Speaker System - TrueWireless Stereo, 360° Circle Sound - Near Field Communication - Battery Rechargeable",60.57,,
"ZoeeTree S1 Wireless Bluetooth Speaker, Outdoor Portable Stereo Speaker with HD Audio and Enhanced Bass, Built-In Dual Driver Speakerphone, Bluetooth 4.2, Handsfree Calling, TF Card Slot - Black",46.99,,
Enermax EAS01 Bluetooth Speaker (Red),20.87,3,9
"GOgroove SonaVERSE USB Laptop Speaker Bar with Clip-On Portable Design GGSVUSB100RDEW (Black) - Works with Acer, Apple, ASUS, Dell, HP, Samsung & More Computers",24.99,5,1
"2BOOM BX311 Twister Portable Wireless Speaker, Built-In Microphone, Black",19.99,,
Samsung VL550 Speaker System - Wireless Speaker(s),,,
"Knox Gear Case for Ultimate Ears WONDERBOOM Bluetooth Speaker, Cable & Charger",19.99,,
"3350mAh 58-000138, R-41019534 Battery Replacement for Amazon Tap PW3840, PW3840KL Portable Bluetooth Speaker",11.95,,
PURE ENERGY VIBE - VIBRATION SPEAKER STICKER WHITE,19.95,,
"4"" Speaker Grill Mesh Decorative Circle Woofer Guard Protector Cover Audio Accessories White",8.25,,
Ultimate Ears Megaboom Portable Bluetooth Speaker (Lava Red),249.0,,
PHILIPS SB365B/37 Bass-Reflex Bluetooth NFC Stereo Speaker,67.5,4,1
"JBL Flip 4 Bluetooth Speaker, Pair (Black & Camouflage)",158.9,,
ECOXGEAR EcoEdge GDI-EXEDGE302 Rugged Waterproof Floating Portable Bluetooth Wireless 20 Watt Smart Speaker with Built-in Bottle Opener (Electric Blue),107.0,5,1
Pyle PTA24BT 250W 2-Channel Compact Bluetooth Home Audio Amplifier with Stereo Receiver,115.82,,
JBL Charge 4 Black BT Speaker w/AudioQuest Evergreen 1.5m 3.5mm Cable,129.99,,
JBL Flip 4 Waterproof Portable Wireless Bluetooth Speaker Bundle - Pair (White),159.9,,
"Victrola 6-in-1 Bluetooth Record Player with 3-Speed Turntable, CD, Cassette Player and AM/FM Radio, Farmhouse Oatmeal",187.0,,
JBL Pulse 4 White Bluetooth Speaker w/divvi! Hardshell Case,199.99,,
SIIG CE-DP0D12-S1 DisplayPort 3 Port Splitter,84.15,,
CREATIVE LABS 51MF8365AA000 Creative Muvo Play Black,46.27,,
"Tritina Wireless Speaker Stereo HD Sound, Touch Control with Fashion Light, Bluetooth Speaker, Built-in Mic, Handsfree Phone Calling, TF Card Slot & AUX Cable (Silver)",49.99,5,1
4 Pcs 20x10mm Silver Tone Aluminum Cabinet CD PC Speaker Amplifier Feet Pads,10.84,5,1
"Edifier Luna E25 2.0 Channel Bluetooth Speakers, Red, E25-RED",145.22,,
"iLuv Portable Amazon Echo Dot Docking Speaker, AUDDOCK (Black)",44.5,,
Boytone BT-120SL Portable Bluetooth Speaker,17.99,,
"DOSS SoundBox White Portable Wireless Bluetooth Speakers with 12W Stereo Sound and Enhanced Bass, 12H Playtime and Handsfree for Phone, Tablet, TV, etc",21.99,,
Wireless Bluetooth Mini Speaker Stereo Portable Speakers Subwoofer Bluetooth 4.2 with SD FM Outdoor Column Loudspeaker,12.99,3,1
Portable Bluetooth Speaker Waterproof Music Speaker Outdoor Boom Box Soundbar Subwoofer Support FM U-Disk TF Card Playing (Color Green),15.99,3,1
"Boom Urchin Ready 4 Anything Bluetooth Speaker, Water Resistant, Shower Speaker - Red",28.49,5,2
Airlink101 AMS-1000B Smartphone Compatible Portable Bluetooth Speaker - NEW,11.59,,
Boytone BT-40BK Portable Bluetooth Indoor/Outdoor Speaker 2.1 Hi-Fi Cylinder FM Built in Rechargeable Battery,22.0,,
JBL Go 2 Portable Bluetooth Waterproof Speaker (Mint),39.95,,
"Boytone BT-52M Portable Audio karaoke Bluetooth PA Speaker System with Microphone, FM Radio, USB Port | MP3| AUX ports, built in rechargeable Battery | Flashing DJ Lights | Remote control",52.0,,
Boytone BT-38BL Portable Bluetooth Indoor/Outdoor Speaker 2.1 Hi-Fi Cylinder FM Radio SD Card Rechargeable Battery USB Charger,29.54,,
"Boytone BT-51M Portable Audio karaoke Bluetooth PA Speaker System with Microphone, FM Radio, USB Port | MP3| AUX ports, built in rechargeable Battery | Flashing DJ Lights | Remote control",39.99,,
Marshall Acton II VOICE with Alexa Compact Wireless Speaker Black SKU#1002493,342.0,,
Wireless Speaker HD Stereo Enhanced Bass Hands-free w/ Noise-Cancelling Mic Portable Speaker 800mAh Battery Aux-in USB TF Slot for Party Camping Hiking,16.4,,
Sony Wireless Portable Bluetooth Speaker (XB10) with Extra Bass & Water-Resistance Design (Black) + USB Charging Cable + Wall Adapter + Aux Cable + HeroFiber Ultra Gentle Cleaning Cloth,52.95,,
"2BOOM  Portable Wireless Bluetooth Speaker, Mic Input, FM Radio, Aux, USB, Blue",29.99,,
"VicTsing Bluetooth FM Transmitter for Car, Wireless Bluetooth Radio Transmitter Adapter with Hand-Free Calling and 1.44"" LCD Display, Music Player Support TF Card USB Flash Drive AUX- Blue",48.99,,
Bluetooth Speaker Werleo Portable Wireless Stereo Speaker with Alarm Clock FM Radio LED Display Micrphone Hands-Free Two Subwoofer Enhanced Bass Hi-Fi Surround for iPhone iPad Samsung Tablet PC Home,68.97,,
MINI LED Portable Wireless Bluetooth Speaker A9 TF USB Music Sound Subwoofer Box,11.98,,
"Harman Kardon Allure Voice-Activated Home Speaker with Alexa, Black",87.5,,
2*10W Dual Channel Hi Fi PAM8610 Mini Amplifier board 12V for Computer audio,9.09,,
Sovawin Wireless Bluetooth Speaker 5w TF with FM Radio Retro Mini Portable Speaker for Phone Stereo Bass Nostalgic,25.48,,
Fabric Covering 12W Portable Wireless Speaker Waterproof IPX6 Outdoor Bluetooth Speakers Indoor Cycling Sports Yoga Music Player Red,,,
"Wanmingtek Portable Wireless Bluetooth Speaker,Hica Mini Wireless Hands Free Crackle Bluetooth Speaker Support Music FM Radio TF Card USB Flash Drive Built-in Microphone with LED lights for Phone,MP3",10.99,,
"2BOOM  Portable Wireless Bluetooth Speaker, Mic Input, FM Radio, Aux, USB, Gray",29.99,,
"IPX6 Waterproof Bluetooth Speaker with Rich Bass, 14W Loud HD Sound, 20H Playtime, Built in Mic. Perfect Wireless Speaker Compatible for Iphone, Samsung, Computer,Vtin Portable Bluetooth Speaker,",39.99,,
Portable Speaker Coconut Shell Design Mini Wireless Bluetooth Speaker with Mic Bass Stereo Coconut Shell Speakers,14.95,,
Bluetooth Speaker Crystal RGB Disco LED Light Ball / Night Light Sound Activated,16.99,,
SADA D-230 Bluetooth Computer Speaker Stereo Portable Multimedia Laptop,29.94,,
Ultimate Ears UE WONDERBOOM Wireless Waterproof Bluetooth Speaker Phantom Black,65.39,,
Bluetooth Music Receiver Adapter for iPod/iPhone Docking Speaker W/30Pin Dock,16.98,,
VENSTAR S207 Mini Bluetooth Wireless Speaker Built-in 10W Powerful Subwoofer 2800mAh Lithium Battery with Microphone and AUX,19.99,,
"DOSS SoundBox XL 32W Bluetooth Speakers, Louder Volume 20W Driver, Enhanced Bass with 12W Subwoofer. Wireless Speaker for Phone, Tablet, TV, and More",69.99,,
AKER MR2800 16W Waistband Portable PA Voice Amplifier Booster For Teacher Coach,66.49,,
Harman kardon NEO Portable Bluetooth Speaker Midnight Blue (HKNEOBLUBSG),59.99,,
Adjustable Desktop Microphone Stand Tripod Foldable Tabletop Stand with Mic Clip,26.31,,
White Mini Portable Wired Audio 3.5mm Universal USB Bass Speaker Subwoofer for PC Phone Computer Desktop Laptop,24.99,,
3W 4 Ohm Audio Speaker 50 mm / 1.97 Inch Round Loudspeaker Small Speakers,6.23,,
JBL Charge 4 Camouflage Bluetooth Speaker w/divvi! Hardshell Case,129.99,,
"Axess SPBT1073-RD Bluetooth Media Speaker with USB, SD, FM Radio",24.99,,
AXESS SPBT1041YL Axess Thunder Sonic Bluetooth Cylinder Loud Speaker SD Card USB Aux Inputs Yellow,25.99,,
3W 4 Ohm Internal Magnet Speaker 36mm Loudspeaker for DIY Audio Speakers 4pcs,12.15,,
2Pcs Speaker Control Knob Power Amplifier Knob 27mm Dia. Rotary Knobs for 6mm Dia. Shaft Potentiometer,5.2,,
"10"" 10 inch Speaker Foam Edge Surround Rings Replacement Parts for Speaker Repair or DIY 2pcs",10.65,,
Baby Boom XL IMW270 Portable Bluetooth Speaker - Black,29.99,,
Clip 3 Portable Bluetooth Speaker - Mustard Yellow,49.95,,
10 inch Rubber Speaker Edge Surround Rings Replacement Part for Speaker Repair or DIY,19.55,,
"Axess SPBT1073-RD Bluetooth Media Speaker with USB, SD, FM Radio",24.99,,
AXESS SPBT1041YL Axess Thunder Sonic Bluetooth Cylinder Loud Speaker SD Card USB Aux Inputs Yellow,25.99,,
Soldering Audio Speaker 9.7mm x 6.7mm Loudspeaker for Small Electronic Projects 5pcs,6.2,,
"2pcs 8"" x 2"" Speaker Repair Spider Subwoofer Bass Loudspeaker Replacement Spider",13.27,,
6.5 inch Speaker Foam Edge Surround Replacement Parts for Speaker Repair or DIY,7.05,,
3W 4 Ohm Internal Magnet Speaker 36mm Loudspeaker for DIY Audio Speakers 4pcs,12.15,,
"CHOETECH Bluetooth Speaker V4.0 Portable Speaker with Wireless Charging, HD Sound",64.99,,
"Sony Compact Earphone Style Microphone, Designed to Record Phone Conversations From Your Cell or Telephone to Your Voice Recorder, Computer and Any Other Recording Device",32.91,,
3W 52mm Speaker Square Shape 4 Ohm Loudspeaker for DIY Audio Speakers,8.02,,
1050mAh AEC653055-2S Battery Replacement for JBL Flip 1 Portable Bluetooth Speaker with Installation Tools,13.95,,
2Pcs 0.25W 8 Ohm External Magnetic Magnet Electronic Speaker Loudspeaker 21mm,6.19,,
Tecsun R9710 Portable Pocket-size 10-Band Analog Dual Conversion Worldband AM/FM Shortwave Radio,33.47,,
Riva Turbo X Travel Case (Black),29.99,,
1.5W 8 Ohm JST-XH Plug Notebook Tablet PC Magnet Speaker 40mmx20mm 2Pcs,9.13,,
Microphone Mesh Grill Metal Windscreen with Black Interior Foam Filter for Beta 87A,9.41,,
MTX Margaritaville Audio Bluetooth Sound Shot Speaker - Blue | MTX Audio - Serious About Sound®,29.95,,
Ematic EBB9224BU CD Bluetooth Boombox,37.07,,
28mm Dia 16 Ohm 0.5W Aluminum Shell Internal Magnet Speaker Horn Loudspeaker,10.52,,
Baby Boom XL IMW270 Portable Bluetooth Speaker - Torch Red,62.95,,
SIIG CE-TE0011-S1 Usb-C Power Meter Tester With Digital Indicator - Usb Voltage And Current Checker - Black,27.47,,
"Speaker Dust Cap 40mm/1.5"" Diameter Subwoofer Paper Dome Coil Cover Caps 4 Pcs",5.91,,
"QFX BT.153 Bluetooth Hands-Free Speakerphone, Black",22.99,,
2Pcs 0.5W 16Ohm 28mm Inside Magnet Magnetic Electronic Speakers Trumpet,7.02,,
Supersonic IQ-2078DJBT-BK 8-Inch Tailgate Bluetooth Speaker,43.2,,
Global Bargains 2Pcs 8 Ohm 0.25W 27mm Dia External Magnet Mini Loudspeaker Speaker Horn,5.51,,
Supersonic Rechargeable Voice Amplifier Bluetooth/USB/SD/FM (Red) SC-1397,23.99,,
2Pcs 36mm 8 Ohm 0.5W Metal Shell External Magnetic Speaker Loudspeaker Gold Tone,5.37,,
Unique Bargains 40mm 4Ohm 3W Round Audio Woofer Tweeter Midrange Bass Stereo Speaker,7.21,,
Sonic Bomb SA-SBB500SS Sonic Bomb Alarm Clock,43.53,,
3pcs Potentiometer Knob Knurled Shaft Siver Tone Aluminum 6mm Shaft Dia. Rotary Knob 17mmx17mm Volume Control Knob,6.24,,
Speaker Grill Cloth 0.5x1.45 Meters 20x57 Inch Polyester Fiber Dustproof Stereo Mesh Fabric for Repair DIY Green,12.18,,
Portable Wireless Speaker Bluetooth 5.0 2200mAh Portable Stereo Loudspeaker Desktop Handsfree Sound Bar for Computer TV Phone With display screen,40.9,,
1W 8 Ohm Mini DIY Magnetic Speaker Replacement Loudspeaker 18mm for Mobile Phone 4pcs,7.32,,
"Boytone BT-18BK Portable Bluetooth Boombox Speaker, Indoor/Outdoor, 25W, Loud Sound, Deeper Bass, EQ, 5"" Subwoofer, 2 x 3.25 Tweeter, FM, 9H Playtime, USB, Micro SD, AUX, Microphone, Recording, Light",90.0,,
Fisher FBT180W H20 Rugged Bluetooth Speaker,14.99,,
4 in 1 Portable Wireless Karaoke Microphone for Bluetooth Mic Speaker Player Selfie Function for iPhone for Android,29.97,,
Sunglasses Emoji Wireless Bluetooth Speaker,15.95,,
Khanka Hard Travel Case Replacement for Sony SRS-XB32 Extra Bass Portable Bluetooth Speaker (Black),26.0,,
Philips AE1530 Portable Pocket AM/FM 2 Band Radio Speaker/Earphone Jack 3.5mm,48.74,,
Mini Phone Speaker Portable Wireless Plug in Speaker with 35mm Aux Audio Jack Rechargeable Plug and Play Clear Bass Speaker Universal for Cell Phone iPad MP3 MP4 Tablet Computer Rose Gold,16.79,,
"Bluetooth Speaker, Wireless Stereo Speaker with Alarm Clock, MP3 Player, Touch Control Table Lamp Dimmable Warm Lights & 7 Colors Themes for Kids, Party, Bedroom",32.9,,
Harman Kardon Neo Portable Bluetooth Speaker,59.95,,
Speaker Grill Cover 5x7 Inch Mesh Decorative Square Subwoofer Guard Protector Black,12.26,,
"Unique Bargains Unique Bargains 10W 10 Watt 8 Ohm Aluminum Rectangular Internal Magnet Speaker 3.5"" x 2""",10.88,,
"XLEADER SoundAngel (2 Gen) 5W Touch Bluetooth Speaker with Waterproof Case, 15h Music, Louder Crystal HD Sound, Premium Mini Portable Bluetooth Speaker for iPhone iPad Tablet Shower, Rose Gold",26.59,0,1
5pcs Potentiometer Knob Knurled Shaft Black Aluminum Smooth Surface Rotary Knob 25mmx13mm Volume Control Knob,8.3,,
2000mAh Ni-MH Battery Replacement Compatible with TDK Life on Record A33 Wireless Weatherproof Bluetooth Speaker,19.95,,
8Pcs Potentiometer Volume Control Knob Cap Plastic Red 6mm Shaft Dia. Rotary Knob 12mm Dia. X 17mm Height,8.16,,
2pcs Potentiometer Knob Knurled Shaft Black Aluminum Smooth Surface Rotary Knob 13mmx13mm Volume Control Knob,7.41,,
Speaker Grill Cloth 1x1.45 Meters 39x57 Inch Polyester Fiber Dustproof Stereo Mesh Fabric for Repair DIY Red,18.38,,
8 Ohm 0.25W 29mm Magnetic External Magnet Electronic Speaker Loudspeaker,5.9,,
Supersonic SC-1129BT Bluetooth Multimedia Speaker System with Remote Control,111.99,,
JBL Flip 5 Gray Portable Bluetooth Speaker w/Wall Charger,99.99,,
fisher fbx395 rechargeable wireless bluetooth portable speaker (silver),34.99,,
JBL Clip 3 Portable Waterproof Wireless Bluetooth Speaker - Blue,90.0,,
Ultimate Ears Megaboom 3 Sunset Red Portable 360° Bluetooth Waterproof Speaker (984-001394),199.99,,
Manhattan 161435 2600 Series Speaker System,9.96,4,6
Ion Explorer Outback Wireless Rechargeable Speaker,249.99,,
MAGNAVOX MSH315V Amazon Alexa Voice Activated Speaker,48.95,,
"Altec Lansing ALP-XP850 Expedition Xpedition 8 Portable Waterproof Wireless Bluetooth Indoor or Outdoor Speaker with Multi-Colored LED Light Show, Stereo Pairing, Everything Proof",426.0,,
3-PACK Tech & Gadget Lovers Electronics Gift Box Portable Audio Holiday Bundle - Rugged Wireless Speaker + Bluetooth Earbuds + Sony Headphones for iPhone & Android,34.99,,
Braven BRV-105 Speaker System - Wireless Speaker(s) - Portable - Battery Rechargeable - Red,38.5,,
DIY Kit Mini Music Tesla Coil Plasma Speaker Tesla Arc Generator Resonant Wireless Transmission DC 15V-24V Plasma Stereo Speaker,5.93,,
Xiaomi MDZ-26-DB Mi Bluetooth Speaker - Gold,54.99,4,44
"AOMAIS GO Bluetooth Speakers, 40H Playtime Outdoor Portable Speaker, 40W Stereo Sound Rich Bass, IPX7 Waterproof Bluetooth 5.0 Wireless Pairing,10000mAh Power Bank, for Party, Travel",182.99,,
Sony SRS-XB12 - Speaker - for portable use - wireless - Bluetooth - red,,,
QFX ABX12 / ABX-12 / ABX-12 Android TV Box & WiFi Wireless Router,49.25,,
Vifa Helsinki 83082 Hi-Resolution Bluetooth 4.0 Wireless Portable Speaker - Willow Green,399.0,,
Vifa Helsinki Bluetooth Speaker (Sandstone Grey),399.0,,
"AOMAIS GO Bluetooth Speakers, 40H Playtime Outdoor Portable Speaker, 40W Stereo Sound Rich Bass, IPX7 Waterproof Bluetooth 5.0 Wireless Pairing,10000mAh Power Bank, for Party, Travel",182.99,,
Sony SSCS3 Stereo Floor-Standing Speaker Pair Bundle (Black),396.0,,
ECOXGEAR EcoTrek GDI-EXTRK210 Rugged Waterproof Floating Portable Bluetooth Wireless 100 Watt Stereo Smart Speaker and PA System (Gray),245.0,,
Vifa Helsinki 83084 Hi-Resolution Bluetooth 4.0 Wireless Portable Speaker - Misty Blue,399.0,,
QFX ABX12 / ABX-12 / ABX-12 Android TV Box & WiFi Wireless Router,49.25,,
"Replacement NTA2455, MCR18650 Battery for Altec Lansing inMotion iM600, Classic iMT620 & Max iMT702 Portable Speaker Systems for iPod & iPhone",9.49,,
Beyerdynamic 710830 Phonum Wireless Bluetooth Speakerphone,199.0,,
The Original Solar Soundbar - Solar Bluetooth Speaker - 50+ Hours of Playtime - Wireless Outdoor Bluetooth Speaker - Waterproof Bluetooth Portable Speakers with Solar Powered Portable Charger,73.8,,
Braven BRV-105 Speaker System - Wireless Speaker(s) - Portable - Battery Rechargeable - Gray,38.5,,
Audio Speaker 15 mm x 11 mm with Wire Loudspeaker for Small Electronic Projects,6.11,,
QUANTUM AUDIO QDJ15 15 PORTABLE SPEAKER SYSTEM  3000W,204.99,,
Logitech S715i Rechargeable Speaker Dock for iPod or iPhone,259.99,4,18
"Mr. Dj PBX6100LED Dual 15-Inch 3-Way Portable Speaker with Built-In LED Light, Bluetooth, USB and FM Radio",369.99,,
Vifa REYKJAVIK Compact HiFi Bluetooth Speaker REYKJAVIK-LAVA-BLACK - Lava Black,199.0,,
"SOUTH BEACH Bluetooth Torch Speaker - Water-Resistant, Wireless, Portable - Tabletop or Post - Comes with Pole & Garden Spike - Black",54.0,,
Apple MQHW2B/A HomePod - Smart Speaker,514.72,,
QUANTUM AUDIO QDJ12 12 PORTABLE SPEAKER SYSTEM  3000W,159.99,,
QFX PBX-265 8” PORTABLE PARTY PA SYSTEM/BOOM BOX,78.87,,
Philips BT100 Wireless Portable Speaker (White),29.89,4,8
Sony SRS-XB10 Wireless Portable Bluetooth Speaker with Extra Bass & Water-Resistance Design (Black) + USB Charging Cable + Aux Cable + HeroFiber® Ultra Gentle Cleaning Cloth,48.95,,
"AOMAIS Sport II Mini Portable Bluetooth Speakers with 10W Superior Sound, Built-in Mic, Stereo Pairing, IPX4 Water-Resistant Wireless Speaker for Shower, Pool, Outdoors, Travel, Beach",24.99,,
24mmx11mmx10mm Console Mixer Slider Fader Knobs Replacement for Potentiometer Gray Knob Black Mark 10pcs,5.71,,
Speak 510+ Portable Speaker for Music and Calls Black,156.0,,
"Dolphin Dual 10"" Bluetooth Party Speaker with Neon Style Lights and WaveSync (w/Wireless Mic)",161.8,,
My Theater EM-W100U-WHITE Companion Wearable Speaker - Universal Model (White),97.82,,
Urge Basics Soundbrick Bluetooth Stereo Speaker with Built-in Mic,92.38,4,16
ECOXGEAR EcoSoundstation GDI-EXSNDST801 Rugged Waterproof Floating Portable Bluetooth Wireless 70 Watt Workshop Speaker and PA System,293.0,,
Ultimate Ears MEGABLAST 984-000911 Portable Wi-Fi / Bluetooth Speaker with hands-free Amazon Alexa voice control (waterproof) - Graphite Black,295.0,,
Kicker Bullfrog JUMP Bluetooth Music System (Gray),298.65,,
sony icf38 portable am/fm radio black,236.95,,
6.5 inch Speaker Foam Edge Surround Rings Replacement Part for Speaker Repair or DIY,6.27,,
ViewSonic M1 Mini Portable LED Projector with JBL Speaker HDMI USB Type-A Automatic Vertical Keystone Built-in Battery and 1080p Support,195.69,,
Monster Rove 2 Portable Waterproof Bluetooth Speaker,68.9,,
"House Of Marley Riddim BT Bluetooth Speaker, Signature Black, EM-JA012-SB",139.99,,
